"","coef","se","zvalue","p","p.adj","nobs","eff_nobs","sep","group","chi2value","p.grp","p.grp.adj","dat.g.nobs.grp"
"Y0.*",2.15471956767264,0.0315308746734723,68.3368155811251,0,0,7550,7550,"*","0",1307680.35553662,0,0,192550
"Y0.A",-0.0813983989127809,0.0262583447608329,-3.09990594053725,0.00193582106653184,0.00216512105618937,8129,8129,"*","0",1307680.35553662,0,0,192550
"Y0.C",-1.40667536321285,0.0902292785710968,-15.5900100886261,8.51201104105626e-55,1.74870184985716e-54,1507,1507,"*","0",1307680.35553662,0,0,192550
"Y0.D",-2.29675540812805,0.136878110285951,-16.779566895904,3.44338255273982e-63,7.93756259809978e-63,1327,1327,"*","0",1307680.35553662,0,0,192550
"Y0.E",-1.87425186476909,0.186913208164038,-10.0273912324281,1.15528647957377e-23,1.63943832795006e-23,520,520,"*","0",1307680.35553662,0,0,192550
"Y0.F",0.455913122331205,0.046228225848396,9.86222408418521,6.06899209276098e-23,8.51392890727326e-23,2216,2216,"*","0",1307680.35553662,0,0,192550
"Y0.G",-2.49339849303933,0.137448541362331,-18.1405962429709,1.52369160921614e-73,4.17951162081074e-73,1635,1635,"*","0",1307680.35553662,0,0,192550
"Y0.H",-0.433382843133581,0.0315243182584102,-13.747572257743,5.26673704513573e-43,9.04184576629945e-43,6719,6719,"*","0",1307680.35553662,0,0,192550
"Y0.I",-1.10880272558866,0.0800262445725897,-13.8554886776286,1.17852078477474e-43,2.03036387833122e-43,1435,1435,"*","0",1307680.35553662,0,0,192550
"Y0.K",0.172623914279825,0.05424304413634,3.18241568164822,0.00146052035146882,0.00164099655050616,1661,1661,"*","0",1307680.35553662,0,0,192550
"Y0.L",-0.354421081452163,0.024033471863443,-14.7469780257287,3.21752686693491e-49,5.85113219135201e-49,11169,11169,"*","0",1307680.35553662,0,0,192550
"Y0.M",1.41364892466539,0.0444207841007011,31.8240425801731,3.01032845431191e-222,3.51921731206464e-221,2540,2540,"*","0",1307680.35553662,0,0,192550
"Y0.N",-3.19447696840087,0.184536931050146,-17.3107732431771,3.90140213480419e-67,9.57794224094429e-67,1651,1651,"*","0",1307680.35553662,0,0,192550
"Y0.P",1.39148212276903,0.00998982155037496,139.289987889404,0,0,62540,62540,"*","0",1307680.35553662,0,0,192550
"Y0.Q",3.03252521509633,0.0201630769190834,150.39992295155,0,0,48857,48857,"*","0",1307680.35553662,0,0,192550
"Y0.R",-0.0630628940278127,0.0236131712903095,-2.67066601315397,0.00757009272939442,0.00835261916883744,9803,9803,"*","0",1307680.35553662,0,0,192550
"Y0.S",-0.923228053255126,0.0293242917330967,-31.4833879589709,1.46645622181191e-217,1.67448838351081e-216,10034,10034,"*","0",1307680.35553662,0,0,192550
"Y0.T",-0.328912918458147,0.0248357534027482,-13.2435248943062,4.91850848829043e-40,8.10398546225034e-40,10015,10015,"*","0",1307680.35553662,0,0,192550
"Y0.V",-0.770009761330568,0.0610378040019835,-12.6152926685492,1.73910372645275e-36,2.79052264604019e-36,2210,2210,"*","0",1307680.35553662,0,0,192550
"Y0.W",-2.42627323385599,0.168272579665857,-14.4187082570072,3.94659846129648e-47,7.02094146556729e-47,1032,1032,"*","0",1307680.35553662,0,0,192550
"Y1.*",-2.42906736934809,0.121934164324907,-19.921138450382,2.66854317714227e-88,9.22714577448489e-88,1669,1669,"*","1",8426.21472988325,0,0,124244
"Y1.A",0.499713782346452,0.0214203926461794,23.3288805952669,2.25819024962174e-120,1.16712780269924e-119,10510,10510,"*","1",8426.21472988325,0,0,124244
"Y1.C",0.866907201219294,0.0414247658322428,20.9272685989341,3.02331424804368e-97,1.15073433782128e-96,2529,2529,"*","1",8426.21472988325,0,0,124244
"Y1.D",-1.41494901966193,0.08214776758346,-17.2244366619504,1.74114654963019e-66,4.21134461018928e-66,1700,1700,"*","1",8426.21472988325,0,0,124244
"Y1.E",0.909743329259382,0.0433688716057624,20.9768734019473,1.06681058502804e-97,4.12444092321865e-97,2333,2333,"*","1",8426.21472988325,0,0,124244
"Y1.F",-1.02050393116904,0.0675175747539924,-15.1146414083645,1.29675067272364e-51,2.50671094609177e-51,1919,1919,"*","1",8426.21472988325,0,0,124244
"Y1.G",-1.79142884242529,0.0903240188304161,-19.8333606677611,1.53437390508827e-87,5.26837473705133e-87,1953,1953,"*","1",8426.21472988325,0,0,124244
"Y1.H",-0.639650086770626,0.0315020180462948,-20.3050511186492,1.16023323835124e-91,4.15820817540479e-91,7257,7257,"*","1",8426.21472988325,0,0,124244
"Y1.I",-0.339325580527113,0.0519387685491504,-6.53318494076355,6.4385555960603e-11,8.12681438988588e-11,2163,2163,"*","1",8426.21472988325,0,0,124244
"Y1.K",0.109048444936777,0.0430364427758368,2.53386288231991,0.0112812865661105,0.0123091371199117,2669,2669,"*","1",8426.21472988325,0,0,124244
"Y1.L",-0.338624066623892,0.021505495690907,-15.7459317139605,7.32443203281765e-56,1.5238542915735e-55,13182,13182,"*","1",8426.21472988325,0,0,124244
"Y1.M",-2.39258916452485,0.135828083024884,-17.6148342172106,1.89543640838393e-69,4.924123156172e-69,1432,1432,"*","1",8426.21472988325,0,0,124244
"Y1.N",0.344884305444498,0.0368983027123531,9.34688807051914,9.02643901267115e-21,1.23110598756154e-20,3397,3397,"*","1",8426.21472988325,0,0,124244
"Y1.P",-1.00280168307548,0.0177927540330952,-56.3601161017698,0,0,28510,28510,"*","1",8426.21472988325,0,0,124244
"Y1.Q",-0.701267299952869,0.0365275980158946,-19.1982867213913,3.82502007759224e-82,1.21166765038567e-81,5428,5428,"*","1",8426.21472988325,0,0,124244
"Y1.R",-0.264124139877511,0.0240841399998046,-10.9667249849757,5.52370352299808e-28,8.1445598492254e-28,10357,10357,"*","1",8426.21472988325,0,0,124244
"Y1.S",-0.365494916481806,0.0235484865693521,-15.5209514380211,2.50311811925316e-54,5.12096248563876e-54,11364,11364,"*","1",8426.21472988325,0,0,124244
"Y1.T",-0.245600353336012,0.0225368034222249,-10.8977457332663,1.1814815357881e-27,1.73684860500587e-27,12195,12195,"*","1",8426.21472988325,0,0,124244
"Y1.V",-1.43204772622042,0.0683818597981837,-20.9419242244485,2.22297669003962e-97,8.52719964694887e-97,2540,2540,"*","1",8426.21472988325,0,0,124244
"Y1.W",-2.34134506920863,0.128661735890828,-18.1976797763346,5.38404280246328e-74,1.51060858057684e-73,1137,1137,"*","1",8426.21472988325,0,0,124244
"K2.*",-2.94853926411493,0.176474093932703,-16.7080572474243,1.14505673961588e-62,2.6272096222028e-62,1407,1407,"*","2",10249.4960908531,0,0,182187
"K2.A",-0.746192621487438,0.0324315819534984,-23.0082091757768,3.85776710145585e-117,1.89416364681482e-116,7380,7380,"*","2",10249.4960908531,0,0,182187
"K2.C",-1.2848542699645,0.0735041679782885,-17.4800192329776,2.0343042888544e-68,5.14867734962634e-68,1663,1663,"*","2",10249.4960908531,0,0,182187
"K2.D",-1.41768867527743,0.0780231723952527,-18.1700978280612,8.90394483346476e-74,2.48399824615409e-73,1979,1979,"*","2",10249.4960908531,0,0,182187
"K2.E",-1.47504409432228,0.105510173162508,-13.980112534271,2.06161777881575e-44,3.61519403356619e-44,1140,1140,"*","2",10249.4960908531,0,0,182187
"K2.F",-3.40487424180093,0.185554203051355,-18.3497554127544,3.31601703010774e-75,9.52142901627426e-75,1956,1956,"*","2",10249.4960908531,0,0,182187
"K2.G",-0.592068663015293,0.0588032464468278,-10.0686390427553,7.60227316967425e-24,1.08194670327828e-23,2038,2038,"*","2",10249.4960908531,0,0,182187
"K2.H",-1.74355966060777,0.0466447323994198,-37.379561869444,8.394576326536e-306,1.64869479053167e-304,6923,6923,"*","2",10249.4960908531,0,0,182187
"K2.I",-0.628954801168331,0.0476444815380066,-13.2010000080829,8.65780231881708e-40,1.41699364617973e-39,3113,3113,"*","2",10249.4960908531,0,0,182187
"K2.L",0.0135788077737625,0.0194846952799207,0.696896080677005,0.485867830736377,0.500128102498031,14605,14605,"*","2",10249.4960908531,0,0,182187
"K2.M",0.343927520390348,0.0450983519020546,7.62616605452226,2.41838280586319e-14,3.12480515178638e-14,2292,2292,"*","2",10249.4960908531,0,0,182187
"K2.N",-1.59788486164141,0.0558509635201263,-28.6097993827017,5.07460010625603e-180,4.08463713470772e-179,4125,4125,"*","2",10249.4960908531,0,0,182187
"K2.P",0.289959485091787,0.0129664625145841,22.3622660972993,9.17347952592024e-111,4.17053559928411e-110,74549,74549,"*","2",10249.4960908531,0,0,182187
"K2.Q",-0.73404101299198,0.041169146753955,-17.8298816193334,4.14297422712343e-71,1.09956775433384e-70,4537,4537,"*","2",10249.4960908531,0,0,182187
"K2.R",0.0462213801051287,0.0222636624016344,2.07609059422926,0.0378855729275835,0.0407041932329179,10820,10820,"*","2",10249.4960908531,0,0,182187
"K2.S",0.962638125670051,0.0162065022897911,59.3982654897993,0,0,22202,22202,"*","2",10249.4960908531,0,0,182187
"K2.T",-0.651533316340551,0.0238012182199732,-27.3739482710093,5.60301673060798e-165,3.87476227426552e-164,13103,13103,"*","2",10249.4960908531,0,0,182187
"K2.V",0.33942575061426,0.0351044593561731,9.66902088337025,4.08265239423593e-22,5.66266193663798e-22,3791,3791,"*","2",10249.4960908531,0,0,182187
"K2.W",-1.53570574278495,0.112211220501819,-13.6858483128259,1.23359009835679e-42,2.10309978574022e-42,983,983,"*","2",10249.4960908531,0,0,182187
"K2.Y",-0.104053932615418,0.0384488327364377,-2.70629626986848,0.00680383154910814,0.00752405696083806,3581,3581,"*","2",10249.4960908531,0,0,182187
"E3.*",-3.15190470542954,0.105518717182399,-29.8705745254767,4.74591443684148e-196,4.3152666453503e-195,4633,4633,"*","3",5380.83689613257,0,0,147596
"E3.A",0.1606459941498,0.02272440655737,7.06931526437153,1.55700054933722e-12,1.99085226490774e-12,10472,10472,"*","3",5380.83689613257,0,0,147596
"E3.D",-1.51809940901912,0.0519457313188232,-29.2247191535643,9.41137433298009e-188,8.25175856695218e-187,4715,4715,"*","3",5380.83689613257,0,0,147596
"E3.F",0.0364642799559013,0.0444159576466781,0.820972503755719,0.41166193039506,0.426426176843828,2674,2674,"*","3",5380.83689613257,0,0,147596
"E3.G",-0.0814409648479097,0.0311872603633189,-2.61135360718304,0.00901845902056406,0.00990618205614531,5604,5604,"*","3",5380.83689613257,0,0,147596
"E3.H",-1.19131245370118,0.0367876190900434,-32.3835160624357,4.68386168958251e-230,5.60920997459759e-229,7095,7095,"*","3",5380.83689613257,0,0,147596
"E3.I",-0.00331599208211343,0.0414222853629912,-0.0800533348909838,0.9361948369351,0.945471893932391,2982,2982,"*","3",5380.83689613257,0,0,147596
"E3.K",-0.916693693509458,0.0494175487880756,-18.5499628368992,8.16083989428258e-77,2.38510261195997e-76,3394,3394,"*","3",5380.83689613257,0,0,147596
"E3.L",0.191209029224881,0.0182576327741135,10.47282698642,1.15151796564952e-25,1.66292741509975e-25,15762,15762,"*","3",5380.83689613257,0,0,147596
"E3.M",-1.56610708309795,0.0843373914045925,-18.5695461647,5.66799944900719e-77,1.66645971824104e-76,1928,1928,"*","3",5380.83689613257,0,0,147596
"E3.N",-0.281403731916343,0.0466610568458915,-6.03080493538202,1.63145015430435e-09,2.02283339839252e-09,2689,2689,"*","3",5380.83689613257,0,0,147596
"E3.P",-0.0492946484962831,0.0136836498935982,-3.60244882612388,0.000315233471615089,0.00036333247550002,31532,31532,"*","3",5380.83689613257,0,0,147596
"E3.Q",-0.280525748706525,0.0289508211669281,-9.68973374154177,3.3339667968144e-22,4.63733058707045e-22,7067,7067,"*","3",5380.83689613257,0,0,147596
"E3.R",-0.405252374904967,0.0250979108001994,-16.1468569288942,1.19497452755694e-58,2.61934148674312e-58,10249,10249,"*","3",5380.83689613257,0,0,147596
"E3.S",-0.550919946192446,0.0231704743169126,-23.7768091691726,5.80399419126097e-125,3.1664012754546e-124,12872,12872,"*","3",5380.83689613257,0,0,147596
"E3.T",-0.0622285530940155,0.0197546619763364,-3.15006924282266,0.00163231770317599,0.00182983559876578,14776,14776,"*","3",5380.83689613257,0,0,147596
"E3.V",0.503758111562563,0.0318893792099331,15.7970498028902,3.26020972243822e-56,6.84086740904771e-56,4704,4704,"*","3",5380.83689613257,0,0,147596
"E3.W",-0.356984311883295,0.0554447190411687,-6.43856291558133,1.20609965834191e-10,1.51456504410711e-10,1779,1779,"*","3",5380.83689613257,0,0,147596
"E3.Y",-2.51645186523504,0.106729989040227,-23.5777393763862,6.52202024124484e-123,3.48077384614263e-122,2669,2669,"*","3",5380.83689613257,0,0,147596
"I4.*",-0.557045049004793,0.0678631648700472,-8.20835647838546,2.24236631636527e-16,2.93600496356093e-16,1560,1560,"*","4",18076.0777298742,0,0,163226
"I4.A",-1.5354147832296,0.0463393354866117,-33.1341562649988,9.57913133201459e-241,1.30648707889421e-239,6263,6263,"*","4",18076.0777298742,0,0,163226
"I4.D",-2.77451468599146,0.159219613231396,-17.4257092432402,5.26515441017284e-68,1.31227960172328e-67,1491,1491,"*","4",18076.0777298742,0,0,163226
"I4.E",0.258423533364019,0.0567757144251578,4.55165621393765,5.32252565804748e-06,6.32774842155282e-06,1505,1505,"*","4",18076.0777298742,0,0,163226
"I4.F",-1.06354625684004,0.0567237612758798,-18.7495721884064,1.95154568533091e-78,5.878582401825e-78,2677,2677,"*","4",18076.0777298742,0,0,163226
"I4.G",-2.9629737707931,0.169075423919421,-17.5245680425158,9.30455136111691e-69,2.36711643435669e-68,1545,1545,"*","4",18076.0777298742,0,0,163226
"I4.H",-0.948605474454074,0.0367249791558011,-25.8299799280957,4.08473433301626e-147,2.60468124352076e-146,6411,6411,"*","4",18076.0777298742,0,0,163226
"I4.K",-3.56826694366277,0.210165544267794,-16.9783632045606,1.18751966379842e-64,2.77653407107154e-64,1670,1670,"*","4",18076.0777298742,0,0,163226
"I4.L",-1.01682930478691,0.0261438624195095,-38.8936144350316,0,0,13123,13123,"*","4",18076.0777298742,0,0,163226
"I4.M",-1.72826713190726,0.0887215075168484,-19.4796862708747,1.63276919258555e-84,5.34459782373003e-84,1823,1823,"*","4",18076.0777298742,0,0,163226
"I4.N",0.665586153582406,0.0294863779545927,22.5726657444115,8.04468788567056e-113,3.8724919135924e-112,5791,5791,"*","4",18076.0777298742,0,0,163226
"I4.P",0.997011723279993,0.010919808693714,91.3030393887692,0,0,71718,71718,"*","4",18076.0777298742,0,0,163226
"I4.Q",-0.688230388567775,0.0417989870943165,-16.4652408206647,6.52026441257586e-61,1.46184923587888e-60,4262,4262,"*","4",18076.0777298742,0,0,163226
"I4.R",-0.227887369181874,0.0265248803677792,-8.59145700271273,8.58733443422465e-18,1.14575576282726e-17,8525,8525,"*","4",18076.0777298742,0,0,163226
"I4.S",-1.70714443926295,0.0398894482623922,-42.7968927530254,0,0,9461,9461,"*","4",18076.0777298742,0,0,163226
"I4.T",-0.486571936632211,0.0201928373896266,-24.0962638010531,2.73563682627282e-128,1.59904485916661e-127,16332,16332,"*","4",18076.0777298742,0,0,163226
"I4.V",0.037182222606518,0.0284652332178441,1.30623284629228,0.191473386012041,0.200883402845966,6655,6655,"*","4",18076.0777298742,0,0,163226
"I4.Y",-1.07047817877859,0.0617696613047275,-17.3301610558882,2.78547389721204e-67,6.87270192729202e-67,2414,2414,"*","4",18076.0777298742,0,0,163226
"A5.*",0.112396380187888,0.0456672197097305,2.46120479640101,0.0138471298920881,0.0150752567117855,2499,2499,"*","5",12921.5580952452,0,0,119029
"A5.C",-1.4232123180743,0.0896692172094875,-15.8718048664276,9.9342548549863e-57,2.10246514387856e-56,1500,1500,"*","5",12921.5580952452,0,0,119029
"A5.D",0.181900838784545,0.0442224879179329,4.11331083683288,3.90024652812465e-05,4.58139006054833e-05,2500,2500,"*","5",12921.5580952452,0,0,119029
"A5.E",-0.904238875157477,0.066278297759511,-13.6430612391176,2.22040436479902e-42,3.77238250213258e-42,1985,1985,"*","5",12921.5580952452,0,0,119029
"A5.F",-0.438307786011662,0.0601057642295592,-7.29227540203387,3.04763365687738e-13,3.9172464019026e-13,1845,1845,"*","5",12921.5580952452,0,0,119029
"A5.G",-2.95888161961283,0.14523802019637,-20.3726380710247,2.92489460958924e-92,1.05597298037376e-91,2159,2159,"*","5",12921.5580952452,0,0,119029
"A5.H",-0.264106388377122,0.0320415499759282,-8.24262211333526,1.68477025977618e-16,2.22371558481211e-16,5587,5587,"*","5",12921.5580952452,0,0,119029
"A5.I",-0.226243891629285,0.0478949560984396,-4.72375193672338,2.31532813168169e-06,2.77274661623344e-06,2392,2392,"*","5",12921.5580952452,0,0,119029
"A5.K",-0.524327675552281,0.0488664201539091,-10.729815564571,7.37432113477806e-27,1.08083333647046e-26,2797,2797,"*","5",12921.5580952452,0,0,119029
"A5.L",-1.57310425662147,0.0424849509192089,-37.0273290326485,4.16120451808664e-300,7.56722747548348e-299,7872,7872,"*","5",12921.5580952452,0,0,119029
"A5.M",0.436884745299845,0.0437732516930011,9.98063265584854,1.85281599725192e-23,2.61417429497326e-23,2542,2542,"*","5",12921.5580952452,0,0,119029
"A5.N",-0.262751689758028,0.0427048252342691,-6.15274007835489,7.61555620506675e-10,9.49045202205019e-10,3228,3228,"*","5",12921.5580952452,0,0,119029
"A5.P",-0.162848744961449,0.0159814028568431,-10.1898904883509,2.20011908420695e-24,3.16791340277305e-24,23481,23481,"*","5",12921.5580952452,0,0,119029
"A5.Q",-0.328815720262256,0.035991483644909,-9.13593125269141,6.48462317670121e-20,8.79544193303948e-20,4840,4840,"*","5",12921.5580952452,0,0,119029
"A5.R",-0.460862486230724,0.028745326805264,-16.0326055554299,7.56434567829858e-58,1.63616463790511e-57,8150,8150,"*","5",12921.5580952452,0,0,119029
"A5.S",-0.0707506836440758,0.0213466202805653,-3.31437401865857,0.000918485585802158,0.00104151598759552,12548,12548,"*","5",12921.5580952452,0,0,119029
"A5.T",-0.180715966548509,0.0205466631092784,-8.79539249694039,1.42548811391755e-18,1.92284248333383e-18,13748,13748,"*","5",12921.5580952452,0,0,119029
"A5.V",0.130076435350525,0.0378356628768041,3.43793197899199,0.000586174925514374,0.000669329973087343,3572,3572,"*","5",12921.5580952452,0,0,119029
"A5.W",3.17246706115484,0.0329324911524966,96.3324349337702,0,0,13329,13329,"*","5",12921.5580952452,0,0,119029
"A5.Y",-0.556384965727177,0.0530096593766903,-10.495916636126,9.0197961145184e-26,1.30640704785503e-25,2455,2455,"*","5",12921.5580952452,0,0,119029
"H6.*",-3.24119866129231,0.216065232104837,-15.001019042803,7.23006895317881e-51,1.37595498294992e-50,1349,1349,"*","6",18230.3638629732,0,0,141022
"H6.A",-0.853837975871037,0.0386501358411178,-22.0914611886741,3.81843308661322e-108,1.65915986329831e-107,5576,5576,"*","6",18230.3638629732,0,0,141022
"H6.C",0.684448628097017,0.0511597046182874,13.3786665346061,8.05800470707695e-41,1.34117976649993e-40,1696,1696,"*","6",18230.3638629732,0,0,141022
"H6.D",1.43744641697588,0.0406980962327671,35.3197458857683,2.92259559245139e-273,4.78331478631211e-272,2875,2875,"*","6",18230.3638629732,0,0,141022
"H6.E",-3.06130575761116,0.236122544091999,-12.9649024805458,1.93476306196461e-38,3.14559160074379e-38,892,892,"*","6",18230.3638629732,0,0,141022
"H6.F",-2.77646623088237,0.181082209525706,-15.3326284131088,4.6287137851292e-53,9.12730308633911e-53,1176,1176,"*","6",18230.3638629732,0,0,141022
"H6.G",-0.296801200595588,0.0588666714071242,-5.04192259390546,4.60877726170643e-07,5.57366905295039e-07,1687,1687,"*","6",18230.3638629732,0,0,141022
"H6.I",-0.0517079980278368,0.0513024684951902,-1.00790467875215,0.313500225301943,0.326119937761131,2013,2013,"*","6",18230.3638629732,0,0,141022
"H6.K",0.463555884107187,0.0407400914661821,11.3783712167652,5.35912746244036e-30,8.1718372175721e-30,2807,2807,"*","6",18230.3638629732,0,0,141022
"H6.L",0.0474235581132005,0.0223975265678929,2.11735693088462,0.0342295665496631,0.0368568359120276,11010,11010,"*","6",18230.3638629732,0,0,141022
"H6.M",-1.60148301584458,0.106711742851227,-15.0075612397906,6.5512463887617e-51,1.25650858471953e-50,1245,1245,"*","6",18230.3638629732,0,0,141022
"H6.N",-0.57627986996945,0.0519743460384929,-11.0877752948089,1.43820035946307e-28,2.13340295014008e-28,2580,2580,"*","6",18230.3638629732,0,0,141022
"H6.P",1.21893374593172,0.0113160795269807,107.716965316958,0,0,66969,66969,"*","6",18230.3638629732,0,0,141022
"H6.Q",-0.487236019929667,0.0349565363363288,-13.9383380333166,3.70466682567732e-44,6.47327904415504e-44,5520,5520,"*","6",18230.3638629732,0,0,141022
"H6.R",-0.703050154577,0.0305069824828417,-23.0455488336948,1.63012589956669e-117,8.08476582512369e-117,8280,8280,"*","6",18230.3638629732,0,0,141022
"H6.S",-0.654004755215906,0.0291666673898161,-22.4230196228816,2.34710410268175e-111,1.08719633435542e-110,8645,8645,"*","6",18230.3638629732,0,0,141022
"H6.T",-0.577552728624624,0.0263268114009095,-21.9378154015518,1.1321032310757e-106,4.83358857789711e-106,10402,10402,"*","6",18230.3638629732,0,0,141022
"H6.V",-0.93387039790296,0.0569729309617014,-16.3914754277032,2.20038333491643e-60,4.84479021275322e-60,2303,2303,"*","6",18230.3638629732,0,0,141022
"H6.W",1.31442131085092,0.0474959977191828,27.6743593980773,1.42135753144789e-168,1.01142977962452e-167,2126,2126,"*","6",18230.3638629732,0,0,141022
"H6.Y",-0.710255599045923,0.0635860748588645,-11.1699865201997,5.71895589889398e-29,8.50911317077861e-29,1871,1871,"*","6",18230.3638629732,0,0,141022
"A7.*",0.879177758404199,0.0391056268271786,22.4821292927893,6.20888167491903e-112,2.93130855998581e-111,3132,3132,"*","7",23293.889810164,0,0,133142
"A7.C",-2.20225688704998,0.129798902766099,-16.9666833857486,1.44887338153254e-64,3.35564542609659e-64,1368,1368,"*","7",23293.889810164,0,0,133142
"A7.D",-2.3638094565872,0.173765892145439,-13.6034144986793,3.82166420501741e-42,6.42615453651901e-42,853,853,"*","7",23293.889810164,0,0,133142
"A7.E",-1.34554665058348,0.0775119364269423,-17.3592186263042,1.67994176461853e-67,4.16591619407927e-67,1771,1771,"*","7",23293.889810164,0,0,133142
"A7.F",0.76306931087684,0.0560242566272441,13.6203379895587,3.03161446177074e-42,5.11519828429358e-42,1560,1560,"*","7",23293.889810164,0,0,133142
"A7.G",-1.30425229150483,0.064343396216246,-20.270181062894,2.35787759454036e-91,8.38926013709649e-91,2810,2810,"*","7",23293.889810164,0,0,133142
"A7.H",-1.11853107718275,0.0722242892439159,-15.4869101363566,4.25242302617137e-54,8.62785002417415e-54,1801,1801,"*","7",23293.889810164,0,0,133142
"A7.I",1.19290485863681,0.062355550636269,19.1306923997069,1.40199666497903e-81,4.3845882962083e-81,1141,1141,"*","7",23293.889810164,0,0,133142
"A7.K",3.35848423360591,0.0331741088086702,101.238114729043,0,0,45747,45747,"*","7",23293.889810164,0,0,133142
"A7.L",-1.86894388800517,0.0566511545617309,-32.9903936197565,1.11548809508174e-238,1.48028285050037e-237,5347,5347,"*","7",23293.889810164,0,0,133142
"A7.M",0.870123697299921,0.0484420699354022,17.9621493974192,3.85583404847166e-72,1.04597487171248e-71,1883,1883,"*","7",23293.889810164,0,0,133142
"A7.N",4.06735513895462,0.0521695262022117,77.9641954805061,0,0,11166,11166,"*","7",23293.889810164,0,0,133142
"A7.P",-0.057311348078981,0.0166902891242784,-3.43381397723144,0.000595152484669423,0.000678004338683728,20736,20736,"*","7",23293.889810164,0,0,133142
"A7.Q",0.119160575309967,0.0306029027674582,3.89376707874513,9.86994236462612e-05,0.000115110254181269,5551,5551,"*","7",23293.889810164,0,0,133142
"A7.R",-0.736848712247559,0.0290892328357602,-25.3306340668335,1.46906871375805e-141,8.90509553648396e-141,9023,9023,"*","7",23293.889810164,0,0,133142
"A7.S",-0.766455299548075,0.0321390139364112,-23.8481274212254,1.05897153986055e-125,5.90857984172191e-125,7701,7701,"*","7",23293.889810164,0,0,133142
"A7.T",-0.702647140434191,0.0328998376820976,-21.3571613095384,3.34533170785154e-101,1.32464344238315e-100,7183,7183,"*","7",23293.889810164,0,0,133142
"A7.V",-1.96126019284984,0.0942677132864456,-20.8052165951059,3.88202916956492e-96,1.46621255558183e-95,2179,2179,"*","7",23293.889810164,0,0,133142
"A7.W",-2.90230441948646,0.177052840882984,-16.3923064154877,2.17050487691745e-60,4.80053105660571e-60,1328,1328,"*","7",23293.889810164,0,0,133142
"A7.Y",-2.74253960649128,0.202904375510627,-13.5164143187619,1.25127611767577e-41,2.09684837467168e-41,862,862,"*","7",23293.889810164,0,0,133142
"L8.*",-0.247843735233928,0.0490583262211353,-5.05202183451486,4.37157712008251e-07,5.29986263200127e-07,2654,2654,"*","8",5457.11386336581,0,0,140413
"L8.A",-0.260791663652667,0.0247344258439396,-10.5436716137304,5.43352566463464e-26,7.8930801814663e-26,10040,10040,"*","8",5457.11386336581,0,0,140413
"L8.C",-0.80827380140316,0.063699442583719,-12.6888677297429,6.81640778761097e-37,1.0973299094154e-36,2111,2111,"*","8",5457.11386336581,0,0,140413
"L8.D",0.0231597708318743,0.0425572515721374,0.544202691111688,0.586302000171605,0.600990150489057,2872,2872,"*","8",5457.11386336581,0,0,140413
"L8.E",-3.37063983370426,0.18487433478346,-18.2320592939644,2.87296581395024e-74,8.1070472106297e-74,1786,1786,"*","8",5457.11386336581,0,0,140413
"L8.F",-2.68873734968135,0.121923194412712,-22.0527141093427,8.99633640284206e-108,3.8747378717504e-107,2220,2220,"*","8",5457.11386336581,0,0,140413
"L8.G",-1.24315757028898,0.0579836585053714,-21.4397918712531,5.68674467348722e-102,2.30759639229936e-101,3169,3169,"*","8",5457.11386336581,0,0,140413
"L8.H",0.108762295548255,0.0235694280567607,4.61454963125664,3.9394863036182e-06,4.69487324047703e-06,9484,9484,"*","8",5457.11386336581,0,0,140413
"L8.I",-0.216421247593684,0.0444968891531191,-4.86373883012255,1.1518888435616e-06,1.38962511594287e-06,2922,2922,"*","8",5457.11386336581,0,0,140413
"L8.K",-1.67489597697856,0.0754495434726977,-22.1988881560913,3.52050635324299e-109,1.5572690265246e-108,2506,2506,"*","8",5457.11386336581,0,0,140413
"L8.M",-2.9984920566642,0.148567334565566,-20.1827142247134,1.38905508304458e-90,4.87161461267776e-90,1989,1989,"*","8",5457.11386336581,0,0,140413
"L8.N",-0.664114852745965,0.0432869773203933,-15.3421396885822,3.997966958754e-53,7.94737561436523e-53,3564,3564,"*","8",5457.11386336581,0,0,140413
"L8.P",-0.0453038717379936,0.0130650891190073,-3.46755168107386,0.000525222735274199,0.000601129051327812,34755,34755,"*","8",5457.11386336581,0,0,140413
"L8.Q",0.139447455995231,0.0257111863290999,5.42361033871876,5.84071331524224e-08,7.2055031100099e-08,7954,7954,"*","8",5457.11386336581,0,0,140413
"L8.R",-0.551435350882701,0.0226811337969019,-24.3125125851523,1.445508013278e-130,8.65541993316462e-130,13484,13484,"*","8",5457.11386336581,0,0,140413
"L8.S",-0.282897532689313,0.0224818955421682,-12.5833487731805,2.60737938569021e-36,4.17010839861203e-36,23271,23271,"*","8",5457.11386336581,0,0,140413
"L8.T",-1.15168786915282,0.0354615621733526,-32.4770765462288,2.24708604316764e-231,2.82902371075721e-230,8279,8279,"*","8",5457.11386336581,0,0,140413
"L8.V",-0.799099455374374,0.0500457327089451,-15.9673844725535,2.15640577095436e-57,4.64383874359031e-57,3315,3315,"*","8",5457.11386336581,0,0,140413
"L8.W",-2.66790245153181,0.145836567864319,-18.2937824895463,9.27501662799485e-75,2.64769370020086e-74,1537,1537,"*","8",5457.11386336581,0,0,140413
"L8.Y",-3.03906198628314,0.134461948176769,-22.6016507085549,4.17471354692669e-113,2.02948945697129e-112,2501,2501,"*","8",5457.11386336581,0,0,140413
"F9.*",0.634298227170775,0.0353361346900543,17.9504134431915,4.76344443657043e-72,1.28508308700884e-71,3724,3724,"*","9",8325.39376037642,0,0,153404
"F9.A",-1.60778781517196,0.040637845985339,-39.5638050243117,0,0,7558,7558,"*","9",8325.39376037642,0,0,153404
"F9.C",0.302981805054747,0.03715148719932,8.15530757703536,3.48292345888785e-16,4.54817930402642e-16,3515,3515,"*","9",8325.39376037642,0,0,153404
"F9.D",0.492726622974612,0.0370082563669898,13.3139648106769,1.9201541373588e-40,3.17439623381538e-40,3387,3387,"*","9",8325.39376037642,0,0,153404
"F9.E",1.10045596923394,0.0389801316476582,28.2312019667089,2.42186781630052e-175,1.82944168892854e-174,2954,2954,"*","9",8325.39376037642,0,0,153404
"F9.G",0.166947891545342,0.0356404991021172,4.6842186768205,2.81029854733755e-06,3.35731529621104e-06,3960,3960,"*","9",8325.39376037642,0,0,153404
"F9.H",-0.844675059806864,0.035815561488334,-23.5840239467416,5.62219923247143e-123,3.03351628916865e-122,6537,6537,"*","9",8325.39376037642,0,0,153404
"F9.I",-1.05999258381037,0.0475234347564506,-22.3046290581194,3.33187719108389e-110,1.50087312002036e-109,3949,3949,"*","9",8325.39376037642,0,0,153404
"F9.K",1.18873910462891,0.032073128939933,37.0633968034486,1.09274045925096e-300,2.06359832881624e-299,4514,4514,"*","9",8325.39376037642,0,0,153404
"F9.L",-0.234400456539892,0.0171212307614921,-13.6906312288653,1.15501486229333e-42,1.97600103618824e-42,20876,20876,"*","9",8325.39376037642,0,0,153404
"F9.M",-1.25700367935734,0.0707560284006332,-17.7653227261424,1.31183535813126e-70,3.46296323033575e-70,2213,2213,"*","9",8325.39376037642,0,0,153404
"F9.N",-0.0625387771272622,0.0405015705225159,-1.54410745856127,0.122562302275815,0.129415248209516,3652,3652,"*","9",8325.39376037642,0,0,153404
"F9.P",-0.223009849383912,0.0152039824946967,-14.6678575473038,1.03563717379401e-48,1.85583157785716e-48,26571,26571,"*","9",8325.39376037642,0,0,153404
"F9.Q",-3.18513401004603,0.112406980660188,-28.3357313873135,1.25480875723987e-176,9.93727580330287e-176,4225,4225,"*","9",8325.39376037642,0,0,153404
"F9.R",0.293124963025889,0.0195023063208249,15.0302717126787,4.65094125265218e-51,8.95534178451852e-51,13601,13601,"*","9",8325.39376037642,0,0,153404
"F9.S",0.252509283290302,0.0168490451591564,14.9865633871293,8.98853048044657e-51,1.70400326868698e-50,18639,18639,"*","9",8325.39376037642,0,0,153404
"F9.T",-0.420601391735296,0.0241156688755526,-17.4410004510256,4.02957929446285e-68,1.00945073141901e-67,11718,11718,"*","9",8325.39376037642,0,0,153404
"F9.V",-0.909906655706091,0.041510988220331,-21.9196577753464,1.68720884326039e-106,7.14154777621425e-106,4674,4674,"*","9",8325.39376037642,0,0,153404
"F9.W",0.36076556283538,0.0432830226209087,8.33503625648142,7.74744486918484e-17,1.02533569562527e-16,2552,2552,"*","9",8325.39376037642,0,0,153404
"F9.Y",-0.132542526775906,0.0342302381981507,-3.8720889410307,0.000107906559838616,0.000125550049480475,4585,4585,"*","9",8325.39376037642,0,0,153404
"S10.*",0.26294606518205,0.0401727169331825,6.54538914107791,5.93406635796025e-11,7.50934686020227e-11,2985,2985,"*","10",28220.5440609139,0,0,127377
"S10.A",-0.145685824531785,0.0243532658359559,-5.98218840598744,2.20159400252859e-09,2.72287822478977e-09,9555,9555,"*","10",28220.5440609139,0,0,127377
"S10.C",-0.985306718922249,0.0687696633031173,-14.3276362220838,1.47040720631522e-46,2.60638966895586e-46,1708,1708,"*","10",28220.5440609139,0,0,127377
"S10.D",-2.91891168434006,0.160784904634276,-18.1541400977875,1.19078041107016e-73,3.28468079682835e-73,1720,1720,"*","10",28220.5440609139,0,0,127377
"S10.E",1.20752658574706,0.0395936630908519,30.4979759760107,2.77199071980293e-204,2.95879879005052e-203,3147,3147,"*","10",28220.5440609139,0,0,127377
"S10.F",-0.866603579762664,0.086044180453257,-10.0716117603496,7.37593015836148e-24,1.05278538016148e-23,1201,1201,"*","10",28220.5440609139,0,0,127377
"S10.G",0.00742949458435332,0.0423090275778082,0.175600693508972,0.860607657477899,0.873054462441422,2956,2956,"*","10",28220.5440609139,0,0,127377
"S10.H",-1.10202365950803,0.0428447288457626,-25.7213358374894,6.74800502364273e-146,4.24778264949818e-145,4736,4736,"*","10",28220.5440609139,0,0,127377
"S10.I",-0.813726676873693,0.0673796102411456,-12.0767495383461,1.40151277750612e-33,2.19153749603663e-33,1813,1813,"*","10",28220.5440609139,0,0,127377
"S10.K",0.02779369817805,0.0389876614979862,0.712884464216598,0.475917253431223,0.490914645871282,3403,3403,"*","10",28220.5440609139,0,0,127377
"S10.L",-0.706107921001776,0.02932039164983,-24.0824859856833,3.81459005543793e-128,2.20348672614121e-127,8863,8863,"*","10",28220.5440609139,0,0,127377
"S10.M",-0.493325658969402,0.0556507959619935,-8.86466492422349,7.67344874704813e-19,1.03792378369163e-18,2212,2212,"*","10",28220.5440609139,0,0,127377
"S10.N",-3.128759063661,0.148152114947136,-21.1185582114533,5.37092660080784e-99,2.10969996879732e-98,2394,2394,"*","10",28220.5440609139,0,0,127377
"S10.P",-0.706991865228081,0.0200578358126224,-35.2476643957356,3.72560298478491e-272,5.90087440493351e-271,19708,19708,"*","10",28220.5440609139,0,0,127377
"S10.Q",1.77556276083827,0.0204758929099266,86.714790346334,0,0,13684,13684,"*","10",28220.5440609139,0,0,127377
"S10.R",1.81436071862418,0.0148204459136772,122.422815696104,0,0,28126,28126,"*","10",28220.5440609139,0,0,127377
"S10.T",-0.308333720039285,0.0221662650013307,-13.910043934816,5.50456270439202e-44,9.51669115442423e-44,12677,12677,"*","10",28220.5440609139,0,0,127377
"S10.V",-0.0902264206627352,0.0454769279826394,-1.98400429987661,0.0472553605878434,0.0505498519578019,2902,2902,"*","10",28220.5440609139,0,0,127377
"S10.W",-1.56549602688219,0.101355290829585,-15.4456271011481,8.07385306169416e-54,1.61806606256809e-53,1360,1360,"*","10",28220.5440609139,0,0,127377
"S10.Y",-0.332906390409717,0.051539577479946,-6.45923786509989,1.05231596367922e-10,1.32483881581153e-10,2227,2227,"*","10",28220.5440609139,0,0,127377
"A11.*",0.181302169185225,0.0442642878611663,4.09590163867255,4.20528464600668e-05,4.92791112455675e-05,2526,2526,"*","11",8431.15834287742,0,0,107070
"A11.C",-3.52095910357748,0.227623862474574,-15.4683215779751,5.67679426168668e-54,1.14233851741318e-53,1315,1315,"*","11",8431.15834287742,0,0,107070
"A11.D",0.277455429160116,0.0417283676048228,6.64908418627065,2.94922283685038e-11,3.75147257226304e-11,2782,2782,"*","11",8431.15834287742,0,0,107070
"A11.E",-1.41073202292381,0.0821723133445947,-17.1679725871635,4.61251516812508e-66,1.11016909193599e-65,1774,1774,"*","11",8431.15834287742,0,0,107070
"A11.F",-0.0798600889864414,0.0519111031823206,-1.53840092178275,0.123950617017213,0.130600328230582,1970,1970,"*","11",8431.15834287742,0,0,107070
"A11.G",-0.855930406694592,0.0543260912610949,-15.7554204034473,6.30387592461004e-56,1.31710769318448e-55,2723,2723,"*","11",8431.15834287742,0,0,107070
"A11.H",-1.56012315141275,0.051985678732296,-30.0106334947883,7.13018124150908e-198,6.73253651842491e-197,4902,4902,"*","11",8431.15834287742,0,0,107070
"A11.I",-0.176121685579286,0.0506483319283995,-3.47734424557684,0.000506407177794793,0.000580948421255241,2241,2241,"*","11",8431.15834287742,0,0,107070
"A11.K",-3.08291061016329,0.15783567905126,-19.5324062892146,5.82299485514469e-85,1.93181788775408e-84,1967,1967,"*","11",8431.15834287742,0,0,107070
"A11.L",-0.374419516804051,0.0252057504876036,-14.8545276201235,6.50246601776208e-50,1.20936015709136e-49,10673,10673,"*","11",8431.15834287742,0,0,107070
"A11.M",-3.37261297474662,0.192251857646765,-17.5426808147847,6.76589607752644e-69,1.7302369656591e-68,1746,1746,"*","11",8431.15834287742,0,0,107070
"A11.N",-1.40800410471271,0.0680613656076337,-20.6872737880357,4.51002284506295e-95,1.69039787551596e-94,2316,2316,"*","11",8431.15834287742,0,0,107070
"A11.P",-0.746656243316822,0.018866257992142,-39.5762765264745,0,0,22478,22478,"*","11",8431.15834287742,0,0,107070
"A11.Q",0.80293799290049,0.0237343313311804,33.8302344269396,7.08839918759554e-251,1.02364823562042e-249,8624,8624,"*","11",8431.15834287742,0,0,107070
"A11.R",-0.0589406281753084,0.0227791161856006,-2.5874852955255,0.00966793219858996,0.0105722822038033,10431,10431,"*","11",8431.15834287742,0,0,107070
"A11.S",-1.44885712903279,0.0365258974454451,-39.6665716755296,0,0,9413,9413,"*","11",8431.15834287742,0,0,107070
"A11.T",-0.80506155159363,0.0267511057167197,-30.0945149751496,5.7160746420121e-199,5.50312284162341e-198,11274,11274,"*","11",8431.15834287742,0,0,107070
"A11.V",-0.57504707600085,0.0459568269774225,-12.5127671734899,6.35704273791766e-36,1.01013203375973e-35,3237,3237,"*","11",8431.15834287742,0,0,107070
"A11.W",0.530731629561027,0.0468308609586528,11.3329462387978,9.01213649537049e-30,1.36572809235399e-29,2045,2045,"*","11",8431.15834287742,0,0,107070
"A11.Y",0.00451639041065703,0.0451597159599337,0.100009274076569,0.920336962712717,0.931722574622565,2633,2633,"*","11",8431.15834287742,0,0,107070
"L12.*",0.6831886103095,0.0324598294448924,21.0472027115657,2.42580709691059e-98,9.45294670304047e-98,4365,4365,"*","12",7160.01399878981,0,0,103010
"L12.A",-1.27032101653509,0.0437072066474755,-29.0643377596968,1.01399088025099e-185,8.58395727936614e-185,5971,5971,"*","12",7160.01399878981,0,0,103010
"L12.C",-1.02592110055214,0.0685440881956791,-14.9673170591073,1.20068141136613e-50,2.25875315318303e-50,1913,1913,"*","12",7160.01399878981,0,0,103010
"L12.D",-2.80920082718101,0.165480523962761,-16.9760208628127,1.23586388822287e-64,2.87587283941909e-64,1416,1416,"*","12",7160.01399878981,0,0,103010
"L12.E",-1.32800102135496,0.089113482902509,-14.9023579608914,3.18150440794174e-50,5.96228497824196e-50,1545,1545,"*","12",7160.01399878981,0,0,103010
"L12.F",-0.611345939515069,0.0541545663378926,-11.2889084126467,1.48874056669238e-29,2.24224422774833e-29,2318,2318,"*","12",7160.01399878981,0,0,103010
"L12.G",-3.12286066013879,0.164803434457548,-18.9490023094343,4.50034769732983e-80,1.38104419961809e-79,1996,1996,"*","12",7160.01399878981,0,0,103010
"L12.H",-0.344451743295449,0.0345779400950574,-9.96160391129506,2.24412637299654e-23,3.15720930986046e-23,5261,5261,"*","12",7160.01399878981,0,0,103010
"L12.I",-3.45490173231102,0.199797411424765,-17.2920244945816,5.40212352094649e-67,1.31962320835061e-66,1800,1800,"*","12",7160.01399878981,0,0,103010
"L12.K",0.38964267204425,0.0386628489626674,10.0779606909073,6.91463075113748e-24,9.89820320352333e-24,3362,3362,"*","12",7160.01399878981,0,0,103010
"L12.M",-2.2696515202615,0.0872581299880751,-26.0107742461553,3.74048608624982e-149,2.44877155779822e-148,2958,2958,"*","12",7160.01399878981,0,0,103010
"L12.N",-2.41209348939777,0.112790402696178,-21.3856270723245,1.818272054821e-101,7.2583055196513e-101,2251,2251,"*","12",7160.01399878981,0,0,103010
"L12.P",-0.289789292148936,0.0174488609192506,-16.6079203387554,6.10740816740354e-62,1.38830435657182e-61,20865,20865,"*","12",7160.01399878981,0,0,103010
"L12.Q",-0.74833691657765,0.0388530010832632,-19.2607236433021,1.14763464713764e-82,3.70716191937226e-82,5246,5246,"*","12",7160.01399878981,0,0,103010
"L12.R",-0.91285699221195,0.0307617011068193,-29.6751141636178,1.60880252381873e-193,1.43622188944545e-192,9011,9011,"*","12",7160.01399878981,0,0,103010
"L12.S",-0.641481739466565,0.0227373597373728,-28.2126749488938,4.08802619855792e-175,2.99585203506259e-174,13952,13952,"*","12",7160.01399878981,0,0,103010
"L12.T",-0.138582427758697,0.0228975176072133,-6.05229047689608,1.42800670319476e-09,1.77506656017374e-09,11076,11076,"*","12",7160.01399878981,0,0,103010
"L12.V",-2.016112287727,0.0785558782480569,-25.6646903158627,2.89867582497239e-145,1.80158206336892e-144,3171,3171,"*","12",7160.01399878981,0,0,103010
"L12.W",-0.60438256404186,0.0594031651527993,-10.1742485015275,2.58386725831177e-24,3.70958720418444e-24,2006,2006,"*","12",7160.01399878981,0,0,103010
"L12.Y",-0.96284750486537,0.0599896339561715,-16.0502313711203,5.69513541360426e-58,1.23730596817685e-57,2527,2527,"*","12",7160.01399878981,0,0,103010
"F13.*",-1.52634913302324,0.0895507949170239,-17.0445068012799,3.83969387007992e-65,9.06389274139059e-65,1772,1772,"*","13",4384.62293755525,0,0,123281
"F13.A",-0.0835132170583347,0.0274910597225024,-3.03783185884159,0.00238286870453472,0.00265303522432324,7552,7552,"*","13",4384.62293755525,0,0,123281
"F13.C",-2.19058267726404,0.124188772910555,-17.6391361789345,1.23331891739857e-69,3.22106164065266e-69,1437,1437,"*","13",4384.62293755525,0,0,123281
"F13.D",-0.201390095870439,0.0533695170736378,-3.77350418203272,0.000160970519831024,0.000186847577392513,2012,2012,"*","13",4384.62293755525,0,0,123281
"F13.G",-1.3917625509171,0.0847857658178436,-16.415049595792,1.4925881796681e-60,3.3161122000771e-60,1823,1823,"*","13",4384.62293755525,0,0,123281
"F13.H",0.0919439607709582,0.0283934366205463,3.23821177406982,0.00120281488761113,0.00135454612343363,6796,6796,"*","13",4384.62293755525,0,0,123281
"F13.I",-0.351132938727967,0.0442847265157221,-7.92898514577723,2.20943969568797e-15,2.86993357297035e-15,3167,3167,"*","13",4384.62293755525,0,0,123281
"F13.K",0.00912562141715851,0.0469349938189114,0.194431077425252,0.845838357937524,0.859848102996531,2473,2473,"*","13",4384.62293755525,0,0,123281
"F13.L",-0.496325035322415,0.0214181068305542,-23.1731515417777,8.49527862475045e-119,4.30018742757987e-118,14829,14829,"*","13",4384.62293755525,0,0,123281
"F13.M",0.779321333849175,0.0398055060828643,19.5782295099286,2.37119938481763e-85,7.97437601332505e-85,2834,2834,"*","13",4384.62293755525,0,0,123281
"F13.N",-2.59408253994504,0.110723420502538,-23.4284899091028,2.19058530165542e-121,1.15653482055141e-120,2776,2776,"*","13",4384.62293755525,0,0,123281
"F13.P",0.39060910625504,0.0138311451810271,28.2412700570058,1.8219337119603e-175,1.39776476964455e-174,27723,27723,"*","13",4384.62293755525,0,0,123281
"F13.Q",-0.765154016139988,0.0435611519801021,-17.565054672785,4.56254474136305e-69,1.17640204067151e-68,4253,4253,"*","13",4384.62293755525,0,0,123281
"F13.R",-0.201349614374329,0.0249010140788989,-8.08600058360484,6.16558910673829e-16,8.02998475174668e-16,9527,9527,"*","13",4384.62293755525,0,0,123281
"F13.S",-0.422988294865833,0.0216830840820364,-19.5077551360078,9.43346551138923e-85,3.10861178932357e-84,14024,14024,"*","13",4384.62293755525,0,0,123281
"F13.T",-0.365513936055672,0.0246558491272519,-14.8246338696027,1.01531985570922e-49,1.87414304192943e-49,10824,10824,"*","13",4384.62293755525,0,0,123281
"F13.V",0.00267834660095672,0.0365540006527607,0.0732709567524297,0.941590502715219,0.947378968920435,4001,4001,"*","13",4384.62293755525,0,0,123281
"F13.W",-0.0332609260361123,0.0625580011038235,-0.531681406842128,0.594946671666635,0.608580866225662,1367,1367,"*","13",4384.62293755525,0,0,123281
"F13.Y",0.298905780663722,0.0341914873507792,8.7421110873935,2.28794352715135e-18,3.07775416940085e-18,4091,4091,"*","13",4384.62293755525,0,0,123281
"A14.*",0.0461262496746919,0.0506881146267809,0.910001289539408,0.36282182971175,0.376629002935453,2062,2062,"*","14",5043.44540225627,0,0,134260
"A14.C",-2.14857044415591,0.151284476767831,-14.2021870985033,8.87971935528664e-46,1.56270329872607e-45,961,961,"*","14",5043.44540225627,0,0,134260
"A14.D",-0.412221157331359,0.0587552261791125,-7.01590622891523,2.28463246885067e-12,2.91364816157319e-12,1742,1742,"*","14",5043.44540225627,0,0,134260
"A14.E",-0.0746493490692266,0.0529015221679658,-1.41110021054234,0.158215067947235,0.1663460350366,1916,1916,"*","14",5043.44540225627,0,0,134260
"A14.F",-0.148947884416663,0.0699494304504392,-2.12936522081043,0.0332240555824663,0.035852772068112,1232,1232,"*","14",5043.44540225627,0,0,134260
"A14.G",-1.39853662782092,0.0816493905233319,-17.128561754803,9.08735284729139e-66,2.17653182830247e-65,1826,1826,"*","14",5043.44540225627,0,0,134260
"A14.H",-3.15121418024886,0.118264392320102,-26.6455026608482,2.01789157140308e-156,1.33889832643096e-155,3397,3397,"*","14",5043.44540225627,0,0,134260
"A14.I",-3.45373017879554,0.232354470191691,-14.8640573858822,5.640316965775e-50,1.05300214075876e-49,1249,1249,"*","14",5043.44540225627,0,0,134260
"A14.K",-0.0949353346389483,0.0460370954001068,-2.06214866107144,0.0391935847322897,0.0420175766453149,2708,2708,"*","14",5043.44540225627,0,0,134260
"A14.L",-0.266458535939416,0.0281494824231198,-9.46584139396354,2.91207043537971e-21,3.99392900494815e-21,8262,8262,"*","14",5043.44540225627,0,0,134260
"A14.M",-2.80706765538292,0.162349594857347,-17.2902658479033,5.56948268605658e-67,1.35377029646227e-66,1451,1451,"*","14",5043.44540225627,0,0,134260
"A14.N",-0.266323603108475,0.0511203392700852,-5.20973856807564,1.89106905014752e-07,2.30400720501844e-07,2461,2461,"*","14",5043.44540225627,0,0,134260
"A14.P",-0.253496705553485,0.0167007016144726,-15.1788057415389,4.88596732573667e-52,9.51988078149487e-52,22671,22671,"*","14",5043.44540225627,0,0,134260
"A14.Q",-0.0142855282414606,0.0330119736204117,-0.432737781924909,0.66520527843959,0.67903491000798,5015,5015,"*","14",5043.44540225627,0,0,134260
"A14.R",-0.576366432984663,0.0301428489383936,-19.1211664883651,1.68301140889541e-81,5.23011773270661e-81,7774,7774,"*","14",5043.44540225627,0,0,134260
"A14.S",0.847444814877802,0.0207442310036984,40.8520718230873,0,0,53807,53807,"*","14",5043.44540225627,0,0,134260
"A14.T",-0.591146477260218,0.0266600087024563,-22.1735290433627,6.18647717593224e-109,2.71210740480601e-108,10147,10147,"*","14",5043.44540225627,0,0,134260
"A14.V",-0.00304012391324176,0.0429950912964318,-0.0707086279287436,0.943629653933549,0.947489079921007,2866,2866,"*","14",5043.44540225627,0,0,134260
"A14.W",-0.786019464028136,0.0819602174366597,-9.59025596333472,8.78667570786685e-22,1.20847556654415e-21,1154,1154,"*","14",5043.44540225627,0,0,134260
"A14.Y",-1.39452090133674,0.0876099792146371,-15.9173750962808,4.8009988160202e-57,1.02938446229953e-56,1559,1559,"*","14",5043.44540225627,0,0,134260
"L15.*",-3.28253286423165,0.199608569879471,-16.4448493680092,9.13111156153362e-61,2.03789808032409e-60,1422,1422,"*","15",5069.45120017923,0,0,92715
"L15.A",-0.191849820550905,0.0305067634029331,-6.28876351178112,3.20004515399333e-10,3.99802079035808e-10,6709,6709,"*","15",5069.45120017923,0,0,92715
"L15.C",-2.44549647314594,0.166660607134354,-14.6735123266081,9.52824480861912e-49,1.713687985726e-48,1022,1022,"*","15",5069.45120017923,0,0,92715
"L15.D",-3.00381691980355,0.210958392120956,-14.2389069693007,5.25424362479036e-46,9.2799770495398e-46,1063,1063,"*","15",5069.45120017923,0,0,92715
"L15.E",-0.785596155661003,0.0813347910778364,-9.65879601152718,4.51134625705596e-22,6.23963665412529e-22,1341,1341,"*","15",5069.45120017923,0,0,92715
"L15.F",-0.241703748493795,0.0726033396577964,-3.32909959284277,0.000871272428950795,0.000990265654201019,1212,1212,"*","15",5069.45120017923,0,0,92715
"L15.H",-0.423032596718847,0.0372000176415083,-11.3718386049049,5.77579586212169e-30,8.77992497926239e-30,4959,4959,"*","15",5069.45120017923,0,0,92715
"L15.I",-2.13564012436211,0.13637101840849,-15.6605131301795,2.81615889348079e-55,5.8343207455657e-55,1182,1182,"*","15",5069.45120017923,0,0,92715
"L15.K",-0.581133597774918,0.0528132322015106,-11.0035605387223,3.67335322996217e-28,5.43257962623924e-28,2468,2468,"*","15",5069.45120017923,0,0,92715
"L15.M",-0.775654115712075,0.0396243129568232,-19.5752066807384,2.51614152058714e-85,8.40425501094073e-85,4524,4524,"*","15",5069.45120017923,0,0,92715
"L15.N",-2.75636658876926,0.154268642459379,-17.8673160327773,2.11949477809942e-71,5.65582573938486e-71,1568,1568,"*","15",5069.45120017923,0,0,92715
"L15.P",-0.568491883518701,0.017518230611024,-32.4514442206828,5.16836731935797e-231,6.34417088451191e-230,23515,23515,"*","15",5069.45120017923,0,0,92715
"L15.Q",-0.0335001002560414,0.0283926392316979,-1.17988680033103,0.238045240395961,0.24815331854441,6974,6974,"*","15",5069.45120017923,0,0,92715
"L15.R",-0.640500915846731,0.0285385979284741,-22.4433210577482,1.48714074353192e-111,6.9541533816588e-111,9036,9036,"*","15",5069.45120017923,0,0,92715
"L15.S",-0.463086558176028,0.0314009064240105,-14.7475538420105,3.19019677652001e-49,5.82299857721683e-49,7381,7381,"*","15",5069.45120017923,0,0,92715
"L15.T",0.514623513200791,0.0215779708079935,23.8494860235027,1.02515147265049e-125,5.78562497783206e-125,10603,10603,"*","15",5069.45120017923,0,0,92715
"L15.V",0.539036007408199,0.0352375621605431,15.2971991919401,7.98183679937626e-53,1.56138719860308e-52,3734,3734,"*","15",5069.45120017923,0,0,92715
"L15.W",0.878630938529259,0.0486731669884953,18.0516492534159,7.65697817030977e-73,2.08865348979005e-72,1978,1978,"*","15",5069.45120017923,0,0,92715
"L15.Y",0.583930623913162,0.0487628828829777,11.9748995422295,4.81019893645917e-33,7.47407492975143e-33,2024,2024,"*","15",5069.45120017923,0,0,92715
"S16.*",0.100044493027815,0.042632096114234,2.34669420803854,0.0189407924614246,0.020575064377344,2821,2821,"*","16",4133.31391884754,0,0,101049
"S16.A",-0.132080350110154,0.0254640597570665,-5.18693214555076,2.1378658027361e-07,2.59824779490947e-07,8919,8919,"*","16",4133.31391884754,0,0,101049
"S16.C",-0.891102254750174,0.0788654472141531,-11.2990198651946,1.32690656629353e-29,2.00464961246191e-29,1403,1403,"*","16",4133.31391884754,0,0,101049
"S16.D",-0.476912580848791,0.0579253496207949,-8.23322748970655,1.82235651935894e-16,2.3988660884859e-16,1889,1889,"*","16",4133.31391884754,0,0,101049
"S16.E",-3.47745424909192,0.203323492099703,-17.1030617917319,1.40808548774303e-65,3.33995156754506e-65,1589,1589,"*","16",4133.31391884754,0,0,101049
"S16.F",-0.00479458110621904,0.0614110100873907,-0.0780736402054962,0.937769475244551,0.945471893932391,1364,1364,"*","16",4133.31391884754,0,0,101049
"S16.G",0.16708929468832,0.0400497075590849,4.17204780938326,3.01874274117992e-05,3.56298722576764e-05,3120,3120,"*","16",4133.31391884754,0,0,101049
"S16.H",-0.230145838638069,0.0320274419722074,-7.18589510950591,6.67682900747477e-13,8.5595901897392e-13,5585,5585,"*","16",4133.31391884754,0,0,101049
"S16.I",-0.790869114275279,0.0741409906038023,-10.6670966739783,1.45089159801826e-26,2.12020171019931e-26,1453,1453,"*","16",4133.31391884754,0,0,101049
"S16.K",-1.02509099206239,0.0601727574136197,-17.0357988585441,4.45614873798671e-65,1.04687513413946e-64,2677,2677,"*","16",4133.31391884754,0,0,101049
"S16.L",0.0187286529835266,0.0239463069440168,0.782110286455098,0.434149761987878,0.448773753970628,9684,9684,"*","16",4133.31391884754,0,0,101049
"S16.M",-1.82683415992791,0.0952086143588922,-19.1876982164828,4.68955428076085e-82,1.47600714862409e-81,1791,1791,"*","16",4133.31391884754,0,0,101049
"S16.N",-2.69296445194796,0.124264327707677,-21.6712591749015,3.8313461922035e-104,1.60785553877942e-103,2235,2235,"*","16",4133.31391884754,0,0,101049
"S16.P",-0.611998009022399,0.0177356081384753,-34.5067394500412,6.35595046675311e-261,9.7524114974243e-260,23101,23101,"*","16",4133.31391884754,0,0,101049
"S16.Q",-0.875970109265982,0.040849608077087,-21.4437824620727,5.21942509066988e-102,2.13561476626576e-101,5396,5396,"*","16",4133.31391884754,0,0,101049
"S16.R",-0.473418192141254,0.0270868651342722,-17.4777771364266,2.115879812809e-68,5.32767686199598e-68,9551,9551,"*","16",4133.31391884754,0,0,101049
"S16.T",-0.372583699162581,0.0234600586805995,-15.8816183810611,8.49577712758339e-57,1.80581236781101e-56,12164,12164,"*","16",4133.31391884754,0,0,101049
"S16.V",-1.33880396341261,0.0737379368629902,-18.1562438599306,1.14602508849099e-73,3.17908654491004e-73,2159,2159,"*","16",4133.31391884754,0,0,101049
"S16.W",-0.23014204797581,0.0564712729571918,-4.07538268440078,4.59387375209102e-05,5.37045717208735e-05,1840,1840,"*","16",4133.31391884754,0,0,101049
"S16.Y",-0.16523161489341,0.0506660827212698,-3.26118787991567,0.00110946501350677,0.0012522926934065,2308,2308,"*","16",4133.31391884754,0,0,101049
"E17.*",-2.80429793156304,0.0926956575558057,-30.2527432838455,4.80135283030449e-201,4.81115150955001e-200,4259,4259,"*","17",11373.6500444963,0,0,111975
"E17.A",-0.865936223601882,0.0322101029278954,-26.8839943026677,3.37958745034953e-159,2.27311977824879e-158,8018,8018,"*","17",11373.6500444963,0,0,111975
"E17.D",-2.26183619753435,0.0966773482846888,-23.3957202764172,4.72453659043706e-121,2.46781645308999e-120,2270,2270,"*","17",11373.6500444963,0,0,111975
"E17.F",-3.40197680820541,0.229803408373617,-14.8038570545239,1.38318183108473e-49,2.54360404143296e-49,1237,1237,"*","17",11373.6500444963,0,0,111975
"E17.G",0.424097018949291,0.027369549847065,15.4952135244844,3.73717138376774e-54,7.61390518435668e-54,6678,6678,"*","17",11373.6500444963,0,0,111975
"E17.H",-1.2921150812669,0.0457750267322034,-28.2275112328417,2.68815887106263e-175,1.99982728135114e-174,5249,5249,"*","17",11373.6500444963,0,0,111975
"E17.I",0.508919036816041,0.045122680971059,11.2785638145582,1.67457453688987e-29,2.51442231685911e-29,2302,2302,"*","17",11373.6500444963,0,0,111975
"E17.K",0.826273908771793,0.0284811661245767,29.0112386956934,4.74740235098917e-185,3.95080432938251e-184,5829,5829,"*","17",11373.6500444963,0,0,111975
"E17.L",-1.725240553151,0.0428351503819705,-40.2762809927512,0,0,8701,8701,"*","17",11373.6500444963,0,0,111975
"E17.M",-3.06006903521173,0.163860631144119,-18.6748275888205,7.93457304261231e-78,2.37553375848942e-77,1772,1772,"*","17",11373.6500444963,0,0,111975
"E17.N",-1.45548118177775,0.0678911872785254,-21.4384405417246,5.8542742840108e-102,2.35610547004041e-101,2783,2783,"*","17",11373.6500444963,0,0,111975
"E17.P",-0.49932508395248,0.0195968962433169,-25.4798044421328,3.3010452575688e-143,2.02601652683285e-142,18468,18468,"*","17",11373.6500444963,0,0,111975
"E17.Q",-1.80983684091754,0.0531639691094846,-34.0425455667241,5.23253475065511e-254,7.78537746233836e-253,5685,5685,"*","17",11373.6500444963,0,0,111975
"E17.R",-0.959524116930174,0.0320597301590624,-29.9292636640905,8.19160819568516e-197,7.5888294793989e-196,8858,8858,"*","17",11373.6500444963,0,0,111975
"E17.S",-0.670579996729923,0.0281801601007824,-23.7961741285957,3.6587099967991e-125,2.01845686340265e-124,9904,9904,"*","17",11373.6500444963,0,0,111975
"E17.T",-0.877153903513245,0.0291130165813044,-30.1292688465863,2.00496353240228e-199,1.96887418881904e-198,10390,10390,"*","17",11373.6500444963,0,0,111975
"E17.V",-0.0591225175021908,0.0364673755854953,-1.62124409977302,0.104965298360283,0.11131309178164,4171,4171,"*","17",11373.6500444963,0,0,111975
"E17.W",-0.0965405071503344,0.0570852812906913,-1.69116285262269,0.0908057036383114,0.0967149685171603,1711,1711,"*","17",11373.6500444963,0,0,111975
"E17.Y",0.875742127341085,0.036116929389308,24.24741366857,7.04087379035817e-130,4.16514341092272e-129,3690,3690,"*","17",11373.6500444963,0,0,111975
"L18.*",-1.68261819193401,0.0905070494580493,-18.5910180699672,3.79898200868723e-77,1.12367479895508e-76,1736,1736,"*","18",4790.80041657133,0,0,110359
"L18.A",-2.17387544775002,0.0590816830941916,-36.7944062169708,2.26856762058444e-296,3.97809536323915e-295,6144,6144,"*","18",4790.80041657133,0,0,110359
"L18.C",-0.597900698413814,0.0689149394508396,-8.67592285763127,4.10210175359747e-18,5.4880979864206e-18,1512,1512,"*","18",4790.80041657133,0,0,110359
"L18.D",0.593883556899636,0.0484194772671718,12.2653855518239,1.38949330190092e-34,2.18667054882485e-34,2318,2318,"*","18",4790.80041657133,0,0,110359
"L18.F",-2.14556462667509,0.129001979738125,-16.6320286791768,4.08524718919305e-62,9.3295645111339e-62,1274,1274,"*","18",4790.80041657133,0,0,110359
"L18.G",0.220352370253332,0.0413806752154106,5.32500663912005,1.00949352363337e-07,1.23915330025996e-07,2872,2872,"*","18",4790.80041657133,0,0,110359
"L18.H",-1.58183315948453,0.0515829279592693,-30.6658272817232,1.6258762124743e-206,1.77401160072196e-205,5299,5299,"*","18",4790.80041657133,0,0,110359
"L18.I",-1.45987481595471,0.0815662847923146,-17.8980177860481,1.22194304224483e-71,3.27854663247111e-71,1783,1783,"*","18",4790.80041657133,0,0,110359
"L18.K",-0.173090817884241,0.0477285168011077,-3.62657022437,0.000287210735749934,0.000331812873536982,2600,2600,"*","18",4790.80041657133,0,0,110359
"L18.M",-0.701284044360538,0.0566887038452952,-12.3707898891878,3.76104440620741e-35,5.95700904338013e-35,2412,2412,"*","18",4790.80041657133,0,0,110359
"L18.N",0.47734161931736,0.0356771924308683,13.3794614091988,7.97229596381884e-41,1.33142765926362e-40,4015,4015,"*","18",4790.80041657133,0,0,110359
"L18.P",0.131556387497078,0.0136976331406047,9.60431529642134,7.6665774819628e-22,1.05738470327071e-21,31218,31218,"*","18",4790.80041657133,0,0,110359
"L18.Q",-0.190444609677571,0.0289804193586015,-6.57149254194786,4.98133819664197e-11,6.31999238902121e-11,7156,7156,"*","18",4790.80041657133,0,0,110359
"L18.R",-0.271835525803993,0.0237525917902665,-11.444457438762,2.50667800386876e-30,3.84618406218613e-30,11245,11245,"*","18",4790.80041657133,0,0,110359
"L18.S",-0.383401942383367,0.0258577128706691,-14.8273725638847,9.74741201847989e-50,1.80602992493344e-49,9648,9648,"*","18",4790.80041657133,0,0,110359
"L18.T",0.0273800679550349,0.0214112813568417,1.27876830436802,0.200978658472526,0.210406228805992,12191,12191,"*","18",4790.80041657133,0,0,110359
"L18.V",-0.429708124319763,0.0454067154344743,-9.46353684048934,2.97699539245503e-21,4.07160094065577e-21,3047,3047,"*","18",4790.80041657133,0,0,110359
"L18.W",0.552118674159349,0.0490174859950477,11.2637085103698,1.98237039865691e-29,2.96751178579434e-29,1945,1945,"*","18",4790.80041657133,0,0,110359
"L18.Y",-1.16281995222222,0.0722860014180143,-16.0863781287041,3.17898761314273e-58,6.93725741356924e-58,1944,1944,"*","18",4790.80041657133,0,0,110359
"Y19.*",0.150095956301172,0.0455952119679767,3.29192364335515,0.000995046238946468,0.0011257320353058,2403,2403,"*","19",9134.68054774985,0,0,113742
"Y19.A",-0.472515547445226,0.0311534928376817,-15.1673377334337,5.81896016895418e-52,1.12929226994328e-51,6988,6988,"*","19",9134.68054774985,0,0,113742
"Y19.C",-0.0439528477658507,0.0353247713713212,-1.24425002794312,0.213407556559532,0.222942787810064,4453,4453,"*","19",9134.68054774985,0,0,113742
"Y19.D",-1.62816683731576,0.0845969804709627,-19.2461578209002,1.52028481737464e-82,4.87882251850292e-82,1800,1800,"*","19",9134.68054774985,0,0,113742
"Y19.E",0.669487412221848,0.0462727163061758,14.4682972097857,1.92170868163892e-47,3.43112350067167e-47,2080,2080,"*","19",9134.68054774985,0,0,113742
"Y19.F",-0.611617816996291,0.0657284733489593,-9.30521866450705,1.33716905059867e-20,1.81869807158988e-20,1561,1561,"*","19",9134.68054774985,0,0,113742
"Y19.G",-2.63356509479446,0.13701362855596,-19.221190786279,2.46057896609834e-82,7.84509267762523e-82,1711,1711,"*","19",9134.68054774985,0,0,113742
"Y19.H",-0.845550297500671,0.0304728344481532,-27.7476747015214,1.85877380824031e-169,1.34214402918528e-168,8504,8504,"*","19",9134.68054774985,0,0,113742
"Y19.I",-2.43897313661848,0.147238146181372,-16.5648182884216,1.25157656284792e-61,2.81891785485471e-61,1283,1283,"*","19",9134.68054774985,0,0,113742
"Y19.K",-1.93182544531808,0.0974279883110511,-19.828239080032,1.69883813423105e-87,5.79256613824614e-87,1882,1882,"*","19",9134.68054774985,0,0,113742
"Y19.L",-1.01566264153542,0.0377553896131646,-26.9011299298387,2.13037344261738e-159,1.45279633378491e-158,6604,6604,"*","19",9134.68054774985,0,0,113742
"Y19.M",-2.78780107997448,0.178125836415321,-15.650739589929,3.28380905553929e-55,6.77458086667979e-55,1178,1178,"*","19",9134.68054774985,0,0,113742
"Y19.N",-0.622200759320063,0.0391192961141113,-15.9052135678796,5.83041424419935e-57,1.24466669300082e-56,4338,4338,"*","19",9134.68054774985,0,0,113742
"Y19.P",0.546309675658386,0.0137334558836577,39.7794757769946,0,0,32081,32081,"*","19",9134.68054774985,0,0,113742
"Y19.Q",0.585077920903856,0.0295591973203073,19.7934306051641,3.39151835893191e-87,1.1484382856797e-86,5493,5493,"*","19",9134.68054774985,0,0,113742
"Y19.R",-1.18996303625366,0.0384961628417414,-30.9112116224577,8.44363913829584e-210,9.42233367478013e-209,7166,7166,"*","19",9134.68054774985,0,0,113742
"Y19.S",-1.9600552271748,0.0450615752954432,-43.4972637845843,0,0,9006,9006,"*","19",9134.68054774985,0,0,113742
"Y19.T",-0.116349439173204,0.0221936270084413,-5.24247069345406,1.5844056326962e-07,1.93518200411401e-07,11588,11588,"*","19",9134.68054774985,0,0,113742
"Y19.V",0.236890858257319,0.0447837238008254,5.28966414920934,1.22541162981966e-07,1.50044167142507e-07,2484,2484,"*","19",9134.68054774985,0,0,113742
"Y19.W",-1.21346332268589,0.0909745000574873,-13.3384994907264,1.38213542439949e-40,2.29266382898699e-40,1139,1139,"*","19",9134.68054774985,0,0,113742
"I20.*",-2.07951801656715,0.114016014085518,-18.2388240217502,2.53861413090841e-74,7.2049684293412e-74,1633,1633,"*","20",5466.4452357266,0,0,145544
"I20.A",-0.0625104084009507,0.023978053501429,-2.60698427406651,0.0091343555329565,0.0100110905506287,10117,10117,"*","20",5466.4452357266,0,0,145544
"I20.C",-0.151113503957194,0.0575853921309227,-2.6241638437337,0.00868619890152469,0.00956260910459332,1749,1749,"*","20",5466.4452357266,0,0,145544
"I20.D",-0.871326016816067,0.0580606668750737,-15.0071651552135,6.59047660502378e-51,1.25911440197147e-50,2577,2577,"*","20",5466.4452357266,0,0,145544
"I20.E",0.480292710881911,0.0421870053831951,11.3848495886184,4.97540184806746e-30,7.61034986729322e-30,3246,3246,"*","20",5466.4452357266,0,0,145544
"I20.F",-0.207718675356049,0.0482309470200349,-4.30675091803119,1.65669981746981e-05,1.96482997675768e-05,2456,2456,"*","20",5466.4452357266,0,0,145544
"I20.G",0.00260643357728682,0.0433740260789082,0.0600920369380759,0.952082332106212,0.954025357273776,3082,3082,"*","20",5466.4452357266,0,0,145544
"I20.H",0.279201346482601,0.023812333066795,11.7250731248982,9.48191228814e-32,1.46403111115621e-31,8959,8959,"*","20",5466.4452357266,0,0,145544
"I20.K",-3.23590580752343,0.145155480774351,-22.2926877460022,4.35073366893112e-110,1.9420093013138e-109,2680,2680,"*","20",5466.4452357266,0,0,145544
"I20.L",0.0339125412347612,0.0203916474676582,1.66306039218007,0.0963003472478511,0.102345174239599,13696,13696,"*","20",5466.4452357266,0,0,145544
"I20.M",-0.616509310471087,0.0517315843580446,-11.9174643135633,9.59855762936444e-33,1.48671665489525e-32,2726,2726,"*","20",5466.4452357266,0,0,145544
"I20.N",0.233297380296226,0.0278634588165037,8.37287939852044,5.62271418652731e-17,7.46149369077002e-17,6500,6500,"*","20",5466.4452357266,0,0,145544
"I20.P",-0.311744377308448,0.0150878646818812,-20.6619282371228,7.62575724533164e-95,2.83655061171048e-94,28790,28790,"*","20",5466.4452357266,0,0,145544
"I20.Q",-2.76809252991646,0.0913769622741978,-30.2931117540344,1.41268953024823e-201,1.44506366531642e-200,4519,4519,"*","20",5466.4452357266,0,0,145544
"I20.R",-0.67439686257267,0.02801797611163,-24.0701491030515,5.13649305325238e-128,2.93257917342665e-127,9948,9948,"*","20",5466.4452357266,0,0,145544
"I20.S",-0.621114256539182,0.0269380377882644,-23.0571454914869,1.2471207104584e-117,6.24832927382728e-117,10478,10478,"*","20",5466.4452357266,0,0,145544
"I20.T",0.352033244304972,0.0151418897374951,23.2489636635809,1.45728750024818e-119,7.45341836064432e-119,23096,23096,"*","20",5466.4452357266,0,0,145544
"I20.V",-0.53925150957082,0.0352381260838996,-15.3030699841104,7.29335858961193e-53,1.43241562699978e-52,5382,5382,"*","20",5466.4452357266,0,0,145544
"I20.W",0.713750775392019,0.0512983628114467,13.9137145178589,5.22916409466121e-44,9.1046793279385e-44,1690,1690,"*","20",5466.4452357266,0,0,145544
"I20.Y",-3.04068328169748,0.149159060978511,-20.3855083408949,2.24868531086946e-92,8.23958572863361e-92,2220,2220,"*","20",5466.4452357266,0,0,145544
"A21.*",0.0156207595941371,0.0477457751546052,0.327165273651032,0.743542884466706,0.757426465296997,2367,2367,"*","21",5597.00895697064,0,0,133452
"A21.C",-3.37587691969511,0.256262239739983,-13.1735246016754,1.24640249266056e-39,2.03316818570211e-39,976,976,"*","21",5597.00895697064,0,0,133452
"A21.D",-1.45937928548153,0.0772214346151173,-18.898629541853,1.17053599410925e-79,3.54773563646693e-79,2216,2216,"*","21",5597.00895697064,0,0,133452
"A21.E",-0.690025484139147,0.0495951507222779,-13.9131643737336,5.26955002933271e-44,9.14257619930163e-44,2836,2836,"*","21",5597.00895697064,0,0,133452
"A21.F",0.000850937037091125,0.0618762823142097,0.013752232766184,0.989027651655948,0.989027651655948,1422,1422,"*","21",5597.00895697064,0,0,133452
"A21.G",0.071476910278764,0.0388599954133811,1.83934427985423,0.0658645640617506,0.0703032629441729,3642,3642,"*","21",5597.00895697064,0,0,133452
"A21.H",0.0790697274926878,0.027988493400628,2.82507980550727,0.0047268841241396,0.00523905215564909,7100,7100,"*","21",5597.00895697064,0,0,133452
"A21.I",-1.34948632791377,0.070645767880206,-19.102153864363,2.42283161994708e-81,7.4818259458743e-81,2370,2370,"*","21",5597.00895697064,0,0,133452
"A21.K",-0.676458678387691,0.0451851927486485,-14.9708043108419,1.13934943226939e-50,2.15161758170873e-50,3678,3678,"*","21",5597.00895697064,0,0,133452
"A21.L",-0.482936242264366,0.0236996169138374,-20.3773860151468,2.65458175714597e-92,9.65481216858275e-92,12199,12199,"*","21",5597.00895697064,0,0,133452
"A21.M",0.118957737070265,0.0391360068253774,3.03959822986151,0.0023689393617471,0.00264352096958597,3433,3433,"*","21",5597.00895697064,0,0,133452
"A21.N",-0.184298074442499,0.038816735236284,-4.74790250443901,2.05537066236273e-06,2.46744986606382e-06,3959,3959,"*","21",5597.00895697064,0,0,133452
"A21.P",0.222652157709387,0.0130044899793573,17.1211756910739,1.03170455523411e-65,2.45906279912595e-65,33414,33414,"*","21",5597.00895697064,0,0,133452
"A21.Q",-1.24268899281764,0.0430397306977045,-28.8730661803123,2.60179133310815e-183,2.12913257426017e-182,6193,6193,"*","21",5597.00895697064,0,0,133452
"A21.R",0.179061842405117,0.0206143773393825,8.68626005322171,3.74566900872733e-18,5.02492754995935e-18,12892,12892,"*","21",5597.00895697064,0,0,133452
"A21.S",-0.581957992909056,0.0269954059165827,-21.5576678012303,4.48653561172597e-103,1.86685507233682e-102,9737,9737,"*","21",5597.00895697064,0,0,133452
"A21.T",-0.62179911378203,0.0219626663973568,-28.3116404234444,2.48476110887815e-176,1.93653603882408e-175,15282,15282,"*","21",5597.00895697064,0,0,133452
"A21.V",-0.054946245358595,0.0342118896208431,-1.6060570160708,0.10826138305978,0.114561075608517,4821,4821,"*","21",5597.00895697064,0,0,133452
"A21.W",-2.75661322963602,0.179302258517282,-15.3741132567514,2.44163351901087e-53,4.87334169851358e-53,1095,1095,"*","21",5597.00895697064,0,0,133452
"A21.Y",1.18430770846016,0.0362166900384362,32.700605914104,1.53109051583244e-234,1.97833011387823e-233,3820,3820,"*","21",5597.00895697064,0,0,133452
"V22.*",-1.61935037537142,0.0723490418503094,-22.3824716120203,5.83206919868842e-111,2.676211193043e-110,2468,2468,"*","22",7361.57652889636,0,0,143503
"V22.A",-0.328127651858883,0.0240797177932389,-13.6267233144657,2.777748910208e-42,4.70301625831768e-42,10397,10397,"*","22",7361.57652889636,0,0,143503
"V22.C",-1.51183479412831,0.0860714326776254,-17.5648847369694,4.57622789752052e-69,1.17640204067151e-68,1746,1746,"*","22",7361.57652889636,0,0,143503
"V22.D",-0.413072053458968,0.0525153121169254,-7.86574499527419,3.66907273084417e-15,4.75333696792741e-15,2338,2338,"*","22",7361.57652889636,0,0,143503
"V22.E",-0.404816321248758,0.0416231418461095,-9.72575118777576,2.3417052691059e-22,3.26641274753124e-22,3604,3604,"*","22",7361.57652889636,0,0,143503
"V22.F",-1.56795234189487,0.0813031247901123,-19.2852654303584,7.14224926190741e-83,2.32241350171956e-82,2123,2123,"*","22",7361.57652889636,0,0,143503
"V22.G",-0.911209871293717,0.0495258540985128,-18.3986705101786,1.34627475333152e-75,3.88835825815163e-75,3372,3372,"*","22",7361.57652889636,0,0,143503
"V22.H",-0.527078254815414,0.0317598277249924,-16.5957529549396,7.47998716625815e-62,1.69247635881694e-61,7253,7253,"*","22",7361.57652889636,0,0,143503
"V22.I",-0.170128674242898,0.0406601866379135,-4.18415871422149,2.86224093949635e-05,3.38641036456074e-05,3365,3365,"*","22",7361.57652889636,0,0,143503
"V22.K",-0.408024935297854,0.0407281187099817,-10.0182612951837,1.26712397171479e-23,1.79296216170594e-23,3783,3783,"*","22",7361.57652889636,0,0,143503
"V22.L",-0.102943467414435,0.0190005302739961,-5.41792602258698,6.02943523318366e-08,7.41968095111072e-08,16388,16388,"*","22",7361.57652889636,0,0,143503
"V22.M",-0.615683442378358,0.0416592756283925,-14.7790241930838,2.00043403607211e-49,3.66497429743061e-49,3997,3997,"*","22",7361.57652889636,0,0,143503
"V22.N",-0.893642547963659,0.0472452861167355,-18.9149568436439,8.58907571839467e-80,2.61940135262844e-79,3662,3662,"*","22",7361.57652889636,0,0,143503
"V22.P",-0.779418950533085,0.0180686659564327,-43.1364967625406,0,0,26033,26033,"*","22",7361.57652889636,0,0,143503
"V22.Q",-1.83997881908197,0.0551894291292571,-33.339334146266,1.03992648150086e-243,1.45886829261978e-242,5823,5823,"*","22",7361.57652889636,0,0,143503
"V22.R",-0.96600191658063,0.0271636228045123,-35.5623373042922,5.35636643174838e-277,9.06888247582226e-276,11874,11874,"*","22",7361.57652889636,0,0,143503
"V22.S",0.1585609334715,0.0187896016577567,8.43875971186665,3.20722658239729e-17,4.26761043890804e-17,16739,16739,"*","22",7361.57652889636,0,0,143503
"V22.T",-0.449366803690011,0.0223611213871356,-20.0958975138221,8.01521677024365e-90,2.79111449233307e-89,14013,14013,"*","22",7361.57652889636,0,0,143503
"V22.W",-0.724460368138669,0.0648048929006292,-11.1790998443519,5.16108094983196e-29,7.70240348439968e-29,1954,1954,"*","22",7361.57652889636,0,0,143503
"V22.Y",-2.45893462000356,0.109063944485496,-22.5458067888841,1.47628733350021e-112,7.03744738590876e-112,2571,2571,"*","22",7361.57652889636,0,0,143503
"R23.*",1.04979253619951,0.0593859333141335,17.677461270945,6.25500123313396e-70,1.64235593875336e-69,1266,1266,"*","23",3520.3040443731,0,0,57720
"R23.A",-0.58586573765454,0.0478239518585903,-12.2504668662028,1.67031574261176e-34,2.6202077623718e-34,3015,3015,"*","23",3520.3040443731,0,0,57720
"R23.C",-0.135146791886218,0.0379983760184358,-3.55664652143682,0.000375619021159987,0.000431917890842046,3920,3920,"*","23",3520.3040443731,0,0,57720
"R23.D",-2.83567295860316,0.226315315485955,-12.52974396591,5.13281101381755e-36,8.18250067462473e-36,687,687,"*","23",3520.3040443731,0,0,57720
"R23.E",0.859031174916786,0.0743200077308625,11.5585452847048,6.6831343116004e-31,1.02865797711467e-30,793,793,"*","23",3520.3040443731,0,0,57720
"R23.G",-1.75852156015973,0.119473913791912,-14.7188746425647,4.87708849953078e-49,8.83634853605023e-49,1038,1038,"*","23",3520.3040443731,0,0,57720
"R23.H",0.100000641878649,0.0266565163148041,3.75145201637289,0.000175813404033116,0.000203595239104387,7426,7426,"*","23",3520.3040443731,0,0,57720
"R23.I",-2.2483364810299,0.170237183136648,-13.2070822578472,7.98604100869484e-40,1.31142011213016e-39,816,816,"*","23",3520.3040443731,0,0,57720
"R23.K",0.638190253305234,0.0603397871209325,10.5766076374479,3.82559452546922e-26,5.57378905639581e-26,1265,1265,"*","23",3520.3040443731,0,0,57720
"R23.L",-1.16307852028216,0.0421154462455765,-27.6164358677388,7.0640690425501e-168,4.95493985698871e-167,5420,5420,"*","23",3520.3040443731,0,0,57720
"R23.M",-0.867759626425791,0.105591425827167,-8.21808797095082,2.06773273102572e-16,2.71459029661398e-16,723,723,"*","23",3520.3040443731,0,0,57720
"R23.N",-0.313238476539009,0.0654572723884524,-4.78538846959759,1.70656931714156e-06,2.05373905567771e-06,1470,1470,"*","23",3520.3040443731,0,0,57720
"R23.P",-0.440029053171396,0.0237405767887539,-18.5348931109307,1.08004138837317e-76,3.13787172598359e-76,11519,11519,"*","23",3520.3040443731,0,0,57720
"R23.Q",-2.14116262916996,0.0995258639807808,-21.5136301613361,1.16056973428897e-102,4.78856923979736e-102,2063,2063,"*","23",3520.3040443731,0,0,57720
"R23.S",-0.0725558873588986,0.0316279052606583,-2.29404656302516,0.0217878242900394,0.0236155004997999,5786,5786,"*","23",3520.3040443731,0,0,57720
"R23.T",0.401171073701152,0.0273094713489597,14.6898147010976,7.49183851484849e-49,1.35238702602596e-48,6531,6531,"*","23",3520.3040443731,0,0,57720
"R23.V",-1.22232682315597,0.0948234864286369,-12.890549263614,5.08801355543094e-38,8.24493285715046e-38,1158,1158,"*","23",3520.3040443731,0,0,57720
"R23.W",0.322053579404928,0.0779002568750099,4.13417865773741,3.56226290985561e-05,4.19441508090913e-05,917,917,"*","23",3520.3040443731,0,0,57720
"R23.Y",0.681506218061075,0.053148496927607,12.8226809309273,1.22394136850828e-37,1.97682635505779e-37,1907,1907,"*","23",3520.3040443731,0,0,57720
"Y24.*",-1.04214559765502,0.0672989680499124,-15.4853131905694,4.35934450702099e-54,8.8083874606885e-54,1945,1945,"*","24",62782.7337941245,0,0,159855
"Y24.A",-0.0883647900354912,0.0300943653791252,-2.93625696778391,0.00332199010658639,0.00369026502790479,6194,6194,"*","24",62782.7337941245,0,0,159855
"Y24.D",-2.38159172873124,0.150168404239712,-15.8594728417672,1.20904458681124e-56,2.54781498765801e-56,1244,1244,"*","24",62782.7337941245,0,0,159855
"Y24.E",1.06730574513568,0.0412248433526546,25.8898678160036,8.66105534121154e-148,5.59549759544061e-147,2608,2608,"*","24",62782.7337941245,0,0,159855
"Y24.F",-2.99104063829351,0.249069404465219,-12.0088641345396,3.19199097216145e-33,4.97545259470244e-33,756,756,"*","24",62782.7337941245,0,0,159855
"Y24.G",0.286059379660131,0.0449973395402299,6.35725095267864,2.0539629336844e-10,2.57269336846694e-10,2376,2376,"*","24",62782.7337941245,0,0,159855
"Y24.H",-0.520516664871076,0.0424161278467164,-12.2716686151108,1.28575960801191e-34,2.02992915605739e-34,3896,3896,"*","24",62782.7337941245,0,0,159855
"Y24.K",-2.47283314851498,0.132681325121772,-18.6373865820639,1.59862425422151e-77,4.75711823528945e-77,1739,1739,"*","24",62782.7337941245,0,0,159855
"Y24.L",-0.0203617186233999,0.0319568507084526,-0.637162867178716,0.524018762138536,0.538270318431006,5441,5441,"*","24",62782.7337941245,0,0,159855
"Y24.M",0.995724211171503,0.0491962331216644,20.2398465896573,4.36525881011192e-91,1.54197271637766e-90,1798,1798,"*","24",62782.7337941245,0,0,159855
"Y24.N",-1.89165039001618,0.0920267047654435,-20.555450668777,6.87885540668409e-94,2.53948722156533e-93,2156,2156,"*","24",62782.7337941245,0,0,159855
"Y24.P",2.83941283643727,0.0118545205922304,239.521523822588,0,0,94175,94175,"*","24",62782.7337941245,0,0,159855
"Y24.Q",0.254920079658878,0.0340048712796728,7.49657534540535,6.55067688032261e-14,8.44194842057324e-14,4343,4343,"*","24",62782.7337941245,0,0,159855
"Y24.R",0.384708760734391,0.0250797166314766,15.3394380960252,4.16787024243683e-53,8.25171084288906e-53,7694,7694,"*","24",62782.7337941245,0,0,159855
"Y24.S",-0.976556597901251,0.0334765243972152,-29.1713854853608,4.47450393179481e-187,3.85435338686184e-186,8000,8000,"*","24",62782.7337941245,0,0,159855
"Y24.T",0.59162420966257,0.0194403057125038,30.4328655326671,2.01925837765686e-203,2.10948056048834e-202,12614,12614,"*","24",62782.7337941245,0,0,159855
"Y24.V",-0.766022610323933,0.078628863495475,-9.74225718483157,1.99082335675912e-22,2.78488395489666e-22,1414,1414,"*","24",62782.7337941245,0,0,159855
"Y24.W",0.135384599596641,0.0596226715561696,2.27068992487359,0.0231657553639328,0.0250537134002005,1462,1462,"*","24",62782.7337941245,0,0,159855
